{
    "mapa1": [
        "################",
        "#0...#..#..#..##",
        "#.##.0.###.....#",
        "#.##.#...0...###",
        "##.....#####...#", 
        "#..###.......###",
        "#..0...###....1#",
        "################"
    ],
    "mapa2": [
        "################",
        "#0...#..#..#..##",
        "#.##.0.###.....#",
        "#.##.#...0...###",
        "##...1.#####.0.#",
        "#..###.......###",
        "#..0...###.0...#",
        "################"
    ],
    "mapa3": [
        "################",
        "#0...#..#..#..##",
        "#.##.0.###.....#",
        "#.##.#...0...###",
        "##.....#####...#",
        "#..###.......###",
        "#1.0...###.....#",
        "################"
    ],
    "jose": [
        "################",
        "#1...#..#..#..##",
        "#.##.0.###..0..#",
        "#.##.#...0...###",
        "#0.....#####...#",
        "#..###.......###",
        "#0.0...###.....#",
        "################"
    ],
    "Elisa": [
        "################",
        "#0...#.....#0.##",
        "#.##...###.....#",
        "#.##.#..0..1..##",
        "##.....#####..0#",
        "#..###...0...###",
        "#.00..###..0..0#",
        "################"
    ]
}